"","records","n.max","n.start","events","rmean","se(rmean)","median","0.95LCL","0.95UCL"
"Drug=D-penicillamine",220,220,220,89,2999.35727641609,134.772421935968,3222,2583,4191
"Drug=Placebo",198,198,198,72,3110.25753904316,146.465966707787,3428,3170,NA
