"","records","n.max","n.start","events","rmean","se(rmean)","median","0.95LCL","0.95UCL"
"Stage=1",21,21,21,2,4413.46886446886,255.774676730849,NA,NA,NA
"Stage=2",96,96,96,25,3694.83118731772,176.22064948134,4079,3839,NA
"Stage=3",156,156,156,49,3256.17453794747,160.334456001261,3428,3170,NA
"Stage=4",145,145,145,85,2102.55753217287,162.692982337668,1518,1191,2598
